row_id,pickup,pickup_zone,dropoff_zone,color,passengers,distance,actual,predicted,error
6307,2019-03-27 20:38:31,East Harlem North,Central Harlem,green,1,1.3,8.366666666666667,8.366308398001705,-0.0003582686649625799
5698,2019-03-31 14:16:41,Morningside Heights,Central Harlem North,green,1,1.42,7.233333333333333,7.228325354924708,-0.005007978408625213
2696,2019-03-28 14:17:41,Lenox Hill East,Greenwich Village South,yellow,1,4.3,18.483333333333334,18.502569961143827,0.019236627810492735
2750,2019-03-31 14:17:21,Sutton Place/Turtle Bay North,Midtown Center,yellow,5,1.06,8.083333333333334,8.058251765146705,-0.025081568186628544
4257,2019-03-29 09:25:51,Yorkville East,Upper East Side North,yellow,1,0.91,6.533333333333333,6.494843575920303,-0.03848975741303029
2345,2019-03-31 19:47:18,Yorkville East,Yorkville West,yellow,1,0.27,4.45,4.409315252051395,-0.04068474794860499
6305,2019-03-30 21:19:13,Fort Greene,Fort Greene,green,1,0.48,4.216666666666667,4.258549332886055,0.0418826662193883
6058,2019-03-30 18:28:56,Fort Greene,Little Italy/NoLiTa,green,1,2.52,13.4,13.459274724564137,0.05927472456413696
5384,2019-03-28 12:22:48,Upper West Side South,Upper West Side South,yellow,1,0.68,4.85,4.909924152795591,0.059924152795590935
3141,2019-03-27 22:08:33,Midtown North,Lincoln Square West,yellow,1,1.2,8.5,8.426585454943488,-0.07341454505651157
