config,use_route_stats,min_samples_leaf,max_leaf_nodes,max_iter,loss,learning_rate,l2_regularization,cv_mae_mean,cv_mae_std
1,False,20,16,200,squared_error,0.1,10.0,6.143741944975444,0.7351400642873811
9,False,10,31,200,squared_error,0.04,1.0,6.18678295059216,0.6337564879223465
23,False,80,16,400,squared_error,0.07,1.0,6.198962735047922,0.9015758563807047
10,True,20,16,400,squared_error,0.07,0.0,6.205893711666093,0.6454049174843121
25,False,40,31,100,squared_error,0.1,10.0,6.220233382415457,0.6928585265640216
29,False,20,31,400,absolute_error,0.15,0.0,6.226035308261118,0.6373092969791174
15,True,40,16,400,absolute_error,0.07,10.0,6.241960101674605,0.6119199227655167
24,False,20,8,400,absolute_error,0.07,0.1,6.28068034002557,0.5743806145667841
20,False,40,16,200,absolute_error,0.1,0.1,6.2810371104753235,0.6152978000359752
6,True,40,31,100,absolute_error,0.15,10.0,6.290317651625997,0.5965940342006468
11,True,80,16,400,squared_error,0.04,0.1,6.311088108694829,0.7201936530884679
13,True,20,8,200,absolute_error,0.07,0.1,6.3752689700039085,0.4996432732903631
28,False,80,31,200,squared_error,0.04,0.1,6.3836312881537705,0.8184762280785646
18,False,80,16,400,squared_error,0.15,10.0,6.395236362850028,0.9271274357914746
21,True,40,16,100,absolute_error,0.07,10.0,6.420447828773803,0.5416391396884158
4,True,20,8,400,absolute_error,0.02,0.1,6.438877419962156,0.4576163700481014
12,True,20,8,200,absolute_error,0.04,0.0,6.444902596677724,0.43451424689980966
2,True,40,31,400,squared_error,0.15,0.0,6.538532502055339,0.6702934935805869
3,True,80,8,200,absolute_error,0.04,0.1,6.540804474523514,0.5466612388525474
7,True,40,16,100,squared_error,0.04,10.0,6.5419220233429,0.4803347778517911
26,False,40,4,400,absolute_error,0.15,1.0,6.548252220088798,0.37977311109948997
14,False,80,16,100,squared_error,0.04,1.0,6.7111687172865055,0.6435340354002687
8,True,80,4,100,absolute_error,0.1,0.1,6.733456888319029,0.5092390150026885
27,False,10,4,200,absolute_error,0.07,1.0,6.793772496667812,0.3753736441981774
22,False,10,4,100,squared_error,0.15,0.0,6.865018915459709,0.4478716303280867
19,True,20,4,200,absolute_error,0.02,0.0,6.878565768905164,0.3868009950691696
0,True,80,4,100,absolute_error,0.04,10.0,6.911849127905699,0.43482414092256766
16,False,20,4,100,absolute_error,0.04,10.0,7.189883480027166,0.31297931050310696
5,False,80,4,200,absolute_error,0.02,0.1,7.232389921979231,0.3503206220377786
17,False,80,4,200,squared_error,0.02,10.0,7.313710584268135,0.3297026991169095
